[
    {
        "classes": [
            {
                "className": "AuthManager",
                "lineNumber": 7,
                "methods": [
                    {
                        "access": "public",
                        "arguments": [
                            {
                                "name": "login",
                                "type": "QString"
                            },
                            {
                                "name": "password",
                                "type": "QString"
                            },
                            {
                                "name": "confirmPassword",
                                "type": "QString"
                            }
                        ],
                        "index": 4,
                        "name": "registerUser",
                        "returnType": "bool"
                    },
                    {
                        "access": "public",
                        "arguments": [
                            {
                                "name": "login",
                                "type": "QString"
                            },
                            {
                                "name": "password",
                                "type": "QString"
                            },
                            {
                                "name": "isRememberMe",
                                "type": "bool"
                            }
                        ],
                        "index": 5,
                        "name": "loginUser",
                        "returnType": "bool"
                    }
                ],
                "object": true,
                "qualifiedClassName": "AuthManager",
                "signals": [
                    {
                        "access": "public",
                        "arguments": [
                            {
                                "name": "error",
                                "type": "QString"
                            }
                        ],
                        "index": 0,
                        "name": "loginErrorOccurred",
                        "returnType": "void"
                    },
                    {
                        "access": "public",
                        "arguments": [
                            {
                                "name": "error",
                                "type": "QString"
                            }
                        ],
                        "index": 1,
                        "name": "passwordErrorOccurred",
                        "returnType": "void"
                    },
                    {
                        "access": "public",
                        "arguments": [
                            {
                                "name": "error",
                                "type": "QString"
                            }
                        ],
                        "index": 2,
                        "name": "loginError",
                        "returnType": "void"
                    }
                ],
                "slots": [
                    {
                        "access": "public",
                        "index": 3,
                        "name": "userID",
                        "returnType": "int"
                    }
                ],
                "superClasses": [
                    {
                        "access": "public",
                        "name": "QObject"
                    }
                ]
            }
        ],
        "inputFile": "authmanager.h",
        "outputRevision": 68
    },
    {
        "classes": [
            {
                "className": "KeyboardHandler",
                "lineNumber": 12,
                "methods": [
                    {
                        "access": "public",
                        "arguments": [
                            {
                                "name": "x",
                                "type": "int"
                            },
                            {
                                "name": "y",
                                "type": "int"
                            }
                        ],
                        "index": 23,
                        "name": "setPosition",
                        "returnType": "void"
                    },
                    {
                        "access": "public",
                        "arguments": [
                            {
                                "name": "size",
                                "type": "int"
                            }
                        ],
                        "index": 24,
                        "name": "setFontSize",
                        "returnType": "void"
                    },
                    {
                        "access": "public",
                        "arguments": [
                            {
                                "name": "family",
                                "type": "QString"
                            }
                        ],
                        "index": 25,
                        "name": "setFontFamily",
                        "returnType": "void"
                    },
                    {
                        "access": "public",
                        "arguments": [
                            {
                                "name": "letterSpacing",
                                "type": "int"
                            }
                        ],
                        "index": 26,
                        "name": "setFontLetterSpacing",
                        "returnType": "void"
                    },
                    {
                        "access": "public",
                        "index": 27,
                        "name": "self",
                        "returnType": "KeyboardHandler*"
                    },
                    {
                        "access": "public",
                        "arguments": [
                            {
                                "name": "isVertical",
                                "type": "bool"
                            }
                        ],
                        "index": 28,
                        "name": "setIsVertical",
                        "returnType": "void"
                    }
                ],
                "object": true,
                "properties": [
                    {
                        "constant": false,
                        "designable": true,
                        "final": false,
                        "index": 0,
                        "name": "isMethodLocked",
                        "notify": "isMethodLockedChanged",
                        "read": "isMethodLocked",
                        "required": false,
                        "scriptable": true,
                        "stored": true,
                        "type": "bool",
                        "user": false,
                        "write": "setIsMethodLocked"
                    }
                ],
                "qualifiedClassName": "KeyboardHandler",
                "signals": [
                    {
                        "access": "public",
                        "index": 0,
                        "name": "textChanged",
                        "returnType": "void"
                    },
                    {
                        "access": "public",
                        "index": 1,
                        "name": "isMethodLockedChanged",
                        "returnType": "void"
                    },
                    {
                        "access": "public",
                        "arguments": [
                            {
                                "name": "x",
                                "type": "int"
                            }
                        ],
                        "index": 2,
                        "name": "cursorChanged",
                        "returnType": "void"
                    },
                    {
                        "access": "public",
                        "index": 3,
                        "name": "scrollChanged",
                        "returnType": "void"
                    },
                    {
                        "access": "public",
                        "arguments": [
                            {
                                "name": "offset",
                                "type": "int"
                            }
                        ],
                        "index": 4,
                        "name": "scrollHorizontalRequested",
                        "returnType": "void"
                    },
                    {
                        "access": "public",
                        "index": 5,
                        "name": "enteredWordsChanged",
                        "returnType": "void"
                    },
                    {
                        "access": "public",
                        "index": 6,
                        "name": "textEntryCompleted",
                        "returnType": "void"
                    }
                ],
                "slots": [
                    {
                        "access": "public",
                        "arguments": [
                            {
                                "name": "enteredWords",
                                "type": "int"
                            }
                        ],
                        "index": 7,
                        "name": "setEnteredWords",
                        "returnType": "void"
                    },
                    {
                        "access": "public",
                        "arguments": [
                            {
                                "name": "newMethod",
                                "type": "bool"
                            }
                        ],
                        "index": 8,
                        "name": "setIsMethodLocked",
                        "returnType": "void"
                    },
                    {
                        "access": "public",
                        "arguments": [
                            {
                                "name": "width",
                                "type": "double"
                            }
                        ],
                        "index": 9,
                        "name": "setTextWidth",
                        "returnType": "void"
                    },
                    {
                        "access": "public",
                        "arguments": [
                            {
                                "name": "original",
                                "type": "QString"
                            }
                        ],
                        "index": 10,
                        "name": "setOriginalString",
                        "returnType": "void"
                    },
                    {
                        "access": "public",
                        "arguments": [
                            {
                                "name": "modified",
                                "type": "QString"
                            }
                        ],
                        "index": 11,
                        "name": "setModifiedString",
                        "returnType": "void"
                    },
                    {
                        "access": "public",
                        "index": 12,
                        "name": "startPositionLater",
                        "returnType": "void"
                    },
                    {
                        "access": "public",
                        "arguments": [
                            {
                                "name": "character",
                                "type": "QChar"
                            }
                        ],
                        "index": 13,
                        "name": "inputCharacter",
                        "returnType": "void"
                    },
                    {
                        "access": "public",
                        "index": 14,
                        "name": "getModifiedString",
                        "returnType": "QString"
                    },
                    {
                        "access": "public",
                        "index": 15,
                        "name": "getX",
                        "returnType": "int"
                    },
                    {
                        "access": "public",
                        "index": 16,
                        "name": "getY",
                        "returnType": "int"
                    },
                    {
                        "access": "public",
                        "index": 17,
                        "name": "getEnteredWords",
                        "returnType": "int"
                    },
                    {
                        "access": "public",
                        "index": 18,
                        "name": "getFontSize",
                        "returnType": "int"
                    },
                    {
                        "access": "public",
                        "index": 19,
                        "name": "getFontFamily",
                        "returnType": "QString"
                    },
                    {
                        "access": "public",
                        "index": 20,
                        "name": "getLineSpacingText",
                        "returnType": "int"
                    },
                    {
                        "access": "public",
                        "index": 21,
                        "name": "getCorrectKeyCount",
                        "returnType": "int"
                    },
                    {
                        "access": "public",
                        "index": 22,
                        "name": "getPressAccuracy",
                        "returnType": "double"
                    }
                ],
                "superClasses": [
                    {
                        "access": "public",
                        "name": "QObject"
                    }
                ]
            }
        ],
        "inputFile": "keyboardhandler.h",
        "outputRevision": 68
    },
    {
        "classes": [
            {
                "className": "LanguageManager",
                "lineNumber": 8,
                "object": true,
                "qualifiedClassName": "LanguageManager",
                "signals": [
                    {
                        "access": "public",
                        "index": 0,
                        "name": "languageChanged",
                        "returnType": "void"
                    }
                ],
                "slots": [
                    {
                        "access": "public",
                        "arguments": [
                            {
                                "name": "languageCode",
                                "type": "QString"
                            }
                        ],
                        "index": 1,
                        "name": "loadLanguage",
                        "returnType": "void"
                    },
                    {
                        "access": "public",
                        "index": 2,
                        "name": "currentLanguage",
                        "returnType": "QString"
                    }
                ],
                "superClasses": [
                    {
                        "access": "public",
                        "name": "QObject"
                    }
                ]
            }
        ],
        "inputFile": "languagemanager.h",
        "outputRevision": 68
    },
    {
        "classes": [
            {
                "className": "LessonManager",
                "lineNumber": 8,
                "methods": [
                    {
                        "access": "public",
                        "arguments": [
                            {
                                "name": "language",
                                "type": "QString"
                            }
                        ],
                        "index": 0,
                        "name": "getLessonsCount",
                        "returnType": "int"
                    },
                    {
                        "access": "public",
                        "arguments": [
                            {
                                "name": "userId",
                                "type": "int"
                            },
                            {
                                "name": "lessonId",
                                "type": "int"
                            },
                            {
                                "name": "language",
                                "type": "QString"
                            }
                        ],
                        "index": 1,
                        "name": "getUserLessonSpeed",
                        "returnType": "double"
                    },
                    {
                        "access": "public",
                        "arguments": [
                            {
                                "name": "userId",
                                "type": "int"
                            },
                            {
                                "name": "lessonId",
                                "type": "int"
                            },
                            {
                                "name": "language",
                                "type": "QString"
                            }
                        ],
                        "index": 2,
                        "name": "getUserLessonAccuracy",
                        "returnType": "double"
                    },
                    {
                        "access": "public",
                        "arguments": [
                            {
                                "name": "lessonId",
                                "type": "int"
                            },
                            {
                                "name": "language",
                                "type": "QString"
                            }
                        ],
                        "index": 3,
                        "name": "getLessonText",
                        "returnType": "QString"
                    },
                    {
                        "access": "public",
                        "arguments": [
                            {
                                "name": "language",
                                "type": "QString"
                            },
                            {
                                "name": "lessonId",
                                "type": "int"
                            }
                        ],
                        "index": 4,
                        "name": "getLessonType",
                        "returnType": "QString"
                    }
                ],
                "object": true,
                "qualifiedClassName": "LessonManager",
                "superClasses": [
                    {
                        "access": "public",
                        "name": "QObject"
                    }
                ]
            }
        ],
        "inputFile": "lessonmanager.h",
        "outputRevision": 68
    },
    {
        "classes": [
            {
                "className": "RandomTextGenerator",
                "lineNumber": 11,
                "methods": [
                    {
                        "access": "public",
                        "arguments": [
                            {
                                "name": "testType",
                                "type": "QString"
                            },
                            {
                                "name": "language",
                                "type": "QString"
                            },
                            {
                                "name": "wordCount",
                                "type": "int"
                            },
                            {
                                "name": "timeLimitSeconds",
                                "type": "int"
                            },
                            {
                                "name": "withPunctuation",
                                "type": "bool"
                            },
                            {
                                "name": "withNumbers",
                                "type": "bool"
                            }
                        ],
                        "index": 1,
                        "name": "startTest",
                        "returnType": "void"
                    }
                ],
                "object": true,
                "qualifiedClassName": "RandomTextGenerator",
                "signals": [
                    {
                        "access": "public",
                        "arguments": [
                            {
                                "name": "newText",
                                "type": "QString"
                            }
                        ],
                        "index": 0,
                        "name": "textChanged",
                        "returnType": "void"
                    }
                ],
                "superClasses": [
                    {
                        "access": "public",
                        "name": "QObject"
                    }
                ]
            }
        ],
        "inputFile": "randomtextgenerator.h",
        "outputRevision": 68
    },
    {
        "classes": [
            {
                "className": "ThemeManager",
                "lineNumber": 25,
                "object": true,
                "properties": [
                    {
                        "constant": false,
                        "designable": true,
                        "final": false,
                        "index": 0,
                        "name": "theme",
                        "notify": "themeChanged",
                        "read": "theme",
                        "required": false,
                        "scriptable": true,
                        "stored": true,
                        "type": "QString",
                        "user": false,
                        "write": "setTheme"
                    },
                    {
                        "constant": false,
                        "designable": true,
                        "final": false,
                        "index": 1,
                        "name": "background",
                        "notify": "colorsChanged",
                        "read": "background",
                        "required": false,
                        "scriptable": true,
                        "stored": true,
                        "type": "QColor",
                        "user": false
                    },
                    {
                        "constant": false,
                        "designable": true,
                        "final": false,
                        "index": 2,
                        "name": "text",
                        "notify": "colorsChanged",
                        "read": "text",
                        "required": false,
                        "scriptable": true,
                        "stored": true,
                        "type": "QColor",
                        "user": false
                    },
                    {
                        "constant": false,
                        "designable": true,
                        "final": false,
                        "index": 3,
                        "name": "button",
                        "notify": "colorsChanged",
                        "read": "button",
                        "required": false,
                        "scriptable": true,
                        "stored": true,
                        "type": "QColor",
                        "user": false
                    },
                    {
                        "constant": false,
                        "designable": true,
                        "final": false,
                        "index": 4,
                        "name": "border",
                        "notify": "colorsChanged",
                        "read": "border",
                        "required": false,
                        "scriptable": true,
                        "stored": true,
                        "type": "QColor",
                        "user": false
                    },
                    {
                        "constant": false,
                        "designable": true,
                        "final": false,
                        "index": 5,
                        "name": "figure",
                        "notify": "colorsChanged",
                        "read": "figure",
                        "required": false,
                        "scriptable": true,
                        "stored": true,
                        "type": "QColor",
                        "user": false
                    },
                    {
                        "constant": false,
                        "designable": true,
                        "final": false,
                        "index": 6,
                        "name": "placeHolderText",
                        "notify": "colorsChanged",
                        "read": "placeHolderText",
                        "required": false,
                        "scriptable": true,
                        "stored": true,
                        "type": "QColor",
                        "user": false
                    },
                    {
                        "constant": false,
                        "designable": true,
                        "final": false,
                        "index": 7,
                        "name": "inputBackground",
                        "notify": "colorsChanged",
                        "read": "inputBackground",
                        "required": false,
                        "scriptable": true,
                        "stored": true,
                        "type": "QColor",
                        "user": false
                    },
                    {
                        "constant": false,
                        "designable": true,
                        "final": false,
                        "index": 8,
                        "name": "buttonHoverColor",
                        "notify": "colorsChanged",
                        "read": "buttonHoverColor",
                        "required": false,
                        "scriptable": true,
                        "stored": true,
                        "type": "QColor",
                        "user": false
                    },
                    {
                        "constant": false,
                        "designable": true,
                        "final": false,
                        "index": 9,
                        "name": "inputTextColor",
                        "notify": "colorsChanged",
                        "read": "inputTextColor",
                        "required": false,
                        "scriptable": true,
                        "stored": true,
                        "type": "QColor",
                        "user": false
                    },
                    {
                        "constant": false,
                        "designable": true,
                        "final": false,
                        "index": 10,
                        "name": "highlight",
                        "notify": "colorsChanged",
                        "read": "highlight",
                        "required": false,
                        "scriptable": true,
                        "stored": true,
                        "type": "QColor",
                        "user": false
                    },
                    {
                        "constant": false,
                        "designable": true,
                        "final": false,
                        "index": 11,
                        "name": "highlightedText",
                        "notify": "colorsChanged",
                        "read": "highlightedText",
                        "required": false,
                        "scriptable": true,
                        "stored": true,
                        "type": "QColor",
                        "user": false
                    }
                ],
                "qualifiedClassName": "ThemeManager",
                "signals": [
                    {
                        "access": "public",
                        "index": 0,
                        "name": "themeChanged",
                        "returnType": "void"
                    },
                    {
                        "access": "public",
                        "index": 1,
                        "name": "colorsChanged",
                        "returnType": "void"
                    }
                ],
                "slots": [
                    {
                        "access": "public",
                        "arguments": [
                            {
                                "name": "theme",
                                "type": "QString"
                            }
                        ],
                        "index": 2,
                        "name": "setTheme",
                        "returnType": "void"
                    }
                ],
                "superClasses": [
                    {
                        "access": "public",
                        "name": "QObject"
                    }
                ]
            }
        ],
        "inputFile": "thememanager.h",
        "outputRevision": 68
    },
    {
        "classes": [
            {
                "className": "TimeTracker",
                "lineNumber": 8,
                "methods": [
                    {
                        "access": "public",
                        "arguments": [
                            {
                                "name": "endTime",
                                "type": "int"
                            }
                        ],
                        "index": 6,
                        "name": "start",
                        "returnType": "void"
                    },
                    {
                        "access": "public",
                        "index": 7,
                        "isCloned": true,
                        "name": "start",
                        "returnType": "void"
                    },
                    {
                        "access": "public",
                        "index": 8,
                        "name": "stop",
                        "returnType": "void"
                    },
                    {
                        "access": "public",
                        "index": 9,
                        "name": "reset",
                        "returnType": "void"
                    },
                    {
                        "access": "public",
                        "arguments": [
                            {
                                "name": "isTimer",
                                "type": "bool"
                            }
                        ],
                        "index": 10,
                        "name": "setIsTimer",
                        "returnType": "void"
                    }
                ],
                "object": true,
                "qualifiedClassName": "TimeTracker",
                "signals": [
                    {
                        "access": "public",
                        "arguments": [
                            {
                                "name": "newTime",
                                "type": "int"
                            }
                        ],
                        "index": 0,
                        "name": "timeChanged",
                        "returnType": "void"
                    },
                    {
                        "access": "public",
                        "index": 1,
                        "name": "timerFinished",
                        "returnType": "void"
                    }
                ],
                "slots": [
                    {
                        "access": "public",
                        "arguments": [
                            {
                                "name": "keyboardHandler",
                                "type": "KeyboardHandler*"
                            }
                        ],
                        "index": 2,
                        "name": "setKeyboardHandler",
                        "returnType": "void"
                    },
                    {
                        "access": "public",
                        "index": 3,
                        "name": "getListSpeed",
                        "returnType": "QList<double>"
                    },
                    {
                        "access": "public",
                        "index": 4,
                        "name": "getTime",
                        "returnType": "int"
                    },
                    {
                        "access": "private",
                        "index": 5,
                        "name": "onTimeout",
                        "returnType": "void"
                    }
                ],
                "superClasses": [
                    {
                        "access": "public",
                        "name": "QObject"
                    }
                ]
            }
        ],
        "inputFile": "timetracker.h",
        "outputRevision": 68
    },
    {
        "classes": [
            {
                "className": "UserStatsManager",
                "lineNumber": 12,
                "methods": [
                    {
                        "access": "public",
                        "arguments": [
                            {
                                "name": "testType",
                                "type": "QString"
                            },
                            {
                                "name": "language",
                                "type": "QString"
                            },
                            {
                                "name": "testDetail",
                                "type": "QString"
                            },
                            {
                                "name": "speed",
                                "type": "double"
                            },
                            {
                                "name": "accuracy",
                                "type": "double"
                            },
                            {
                                "name": "consistency",
                                "type": "double"
                            }
                        ],
                        "index": 2,
                        "name": "saveTestResult",
                        "returnType": "void"
                    },
                    {
                        "access": "public",
                        "arguments": [
                            {
                                "name": "testType",
                                "type": "QString"
                            },
                            {
                                "name": "language",
                                "type": "QString"
                            },
                            {
                                "name": "testDetail",
                                "type": "int"
                            }
                        ],
                        "index": 3,
                        "name": "getAverageTestResult",
                        "returnType": "QVariantMap"
                    },
                    {
                        "access": "public",
                        "arguments": [
                            {
                                "name": "lessonId",
                                "type": "int"
                            },
                            {
                                "name": "language",
                                "type": "QString"
                            },
                            {
                                "name": "speed",
                                "type": "double"
                            },
                            {
                                "name": "accuracy",
                                "type": "double"
                            }
                        ],
                        "index": 4,
                        "name": "saveLessonResult",
                        "returnType": "void"
                    },
                    {
                        "access": "public",
                        "arguments": [
                            {
                                "name": "lessonId",
                                "type": "int"
                            },
                            {
                                "name": "language",
                                "type": "QString"
                            }
                        ],
                        "index": 5,
                        "name": "getLessonResult",
                        "returnType": "QVariantMap"
                    },
                    {
                        "access": "public",
                        "index": 6,
                        "name": "findUserIdBySessionId",
                        "returnType": "bool"
                    },
                    {
                        "access": "public",
                        "index": 7,
                        "name": "getUserId",
                        "returnType": "int"
                    },
                    {
                        "access": "public",
                        "index": 8,
                        "name": "getRegistrationDate",
                        "returnType": "QString"
                    },
                    {
                        "access": "public",
                        "arguments": [
                            {
                                "name": "userId",
                                "type": "int"
                            }
                        ],
                        "index": 9,
                        "name": "loadFromDatabase",
                        "returnType": "bool"
                    },
                    {
                        "access": "public",
                        "arguments": [
                            {
                                "name": "keyStrokes",
                                "type": "int"
                            },
                            {
                                "name": "time",
                                "type": "int"
                            }
                        ],
                        "index": 10,
                        "name": "update_time_and_presses",
                        "returnType": "void"
                    },
                    {
                        "access": "public",
                        "index": 11,
                        "name": "getBasicProfileStats",
                        "returnType": "QVariantMap"
                    },
                    {
                        "access": "public",
                        "arguments": [
                            {
                                "name": "language",
                                "type": "QString"
                            }
                        ],
                        "index": 12,
                        "name": "getLessonProgress",
                        "returnType": "QVariantMap"
                    },
                    {
                        "access": "public",
                        "arguments": [
                            {
                                "name": "lessonID",
                                "type": "int"
                            },
                            {
                                "name": "language",
                                "type": "QString"
                            }
                        ],
                        "index": 13,
                        "name": "updateLessonLockStatus",
                        "returnType": "void"
                    },
                    {
                        "access": "public",
                        "arguments": [
                            {
                                "name": "language",
                                "type": "QString"
                            }
                        ],
                        "index": 14,
                        "name": "getTypingSpeed",
                        "returnType": "double"
                    },
                    {
                        "access": "public",
                        "index": 15,
                        "name": "logout",
                        "returnType": "void"
                    }
                ],
                "object": true,
                "properties": [
                    {
                        "constant": false,
                        "designable": true,
                        "final": false,
                        "index": 0,
                        "name": "userId",
                        "notify": "userIdChanged",
                        "read": "userId",
                        "required": false,
                        "scriptable": true,
                        "stored": true,
                        "type": "int",
                        "user": false
                    },
                    {
                        "constant": false,
                        "designable": true,
                        "final": false,
                        "index": 1,
                        "name": "login",
                        "notify": "loginChanged",
                        "read": "login",
                        "required": false,
                        "scriptable": true,
                        "stored": true,
                        "type": "QString",
                        "user": false
                    }
                ],
                "qualifiedClassName": "UserStatsManager",
                "signals": [
                    {
                        "access": "public",
                        "index": 0,
                        "name": "userIdChanged",
                        "returnType": "void"
                    },
                    {
                        "access": "public",
                        "index": 1,
                        "name": "loginChanged",
                        "returnType": "void"
                    }
                ],
                "superClasses": [
                    {
                        "access": "public",
                        "name": "QObject"
                    }
                ]
            }
        ],
        "inputFile": "userstatsmanager.h",
        "outputRevision": 68
    },
    {
        "classes": [
            {
                "className": "WindowManager",
                "lineNumber": 7,
                "methods": [
                    {
                        "access": "public",
                        "index": 0,
                        "name": "toggleFullscreen",
                        "returnType": "void"
                    },
                    {
                        "access": "public",
                        "arguments": [
                            {
                                "name": "fullscreen",
                                "type": "bool"
                            }
                        ],
                        "index": 1,
                        "name": "setFullscreen",
                        "returnType": "void"
                    },
                    {
                        "access": "public",
                        "index": 2,
                        "name": "isFullscreen",
                        "returnType": "bool"
                    }
                ],
                "object": true,
                "qualifiedClassName": "WindowManager",
                "superClasses": [
                    {
                        "access": "public",
                        "name": "QObject"
                    }
                ]
            }
        ],
        "inputFile": "windowmanager.h",
        "outputRevision": 68
    }
]
