{
    "classes": [
        {
            "className": "LanguageManager",
            "lineNumber": 8,
            "object": true,
            "qualifiedClassName": "LanguageManager",
            "signals": [
                {
                    "access": "public",
                    "index": 0,
                    "name": "languageChanged",
                    "returnType": "void"
                }
            ],
            "slots": [
                {
                    "access": "public",
                    "arguments": [
                        {
                            "name": "languageCode",
                            "type": "QString"
                        }
                    ],
                    "index": 1,
                    "name": "loadLanguage",
                    "returnType": "void"
                },
                {
                    "access": "public",
                    "index": 2,
                    "name": "currentLanguage",
                    "returnType": "QString"
                }
            ],
            "superClasses": [
                {
                    "access": "public",
                    "name": "QObject"
                }
            ]
        }
    ],
    "inputFile": "languagemanager.h",
    "outputRevision": 68
}
