{
    "classes": [
        {
            "className": "RandomTextGenerator",
            "lineNumber": 11,
            "methods": [
                {
                    "access": "public",
                    "arguments": [
                        {
                            "name": "testType",
                            "type": "QString"
                        },
                        {
                            "name": "language",
                            "type": "QString"
                        },
                        {
                            "name": "wordCount",
                            "type": "int"
                        },
                        {
                            "name": "timeLimitSeconds",
                            "type": "int"
                        },
                        {
                            "name": "withPunctuation",
                            "type": "bool"
                        },
                        {
                            "name": "withNumbers",
                            "type": "bool"
                        }
                    ],
                    "index": 1,
                    "name": "startTest",
                    "returnType": "void"
                }
            ],
            "object": true,
            "qualifiedClassName": "RandomTextGenerator",
            "signals": [
                {
                    "access": "public",
                    "arguments": [
                        {
                            "name": "newText",
                            "type": "QString"
                        }
                    ],
                    "index": 0,
                    "name": "textChanged",
                    "returnType": "void"
                }
            ],
            "superClasses": [
                {
                    "access": "public",
                    "name": "QObject"
                }
            ]
        }
    ],
    "inputFile": "randomtextgenerator.h",
    "outputRevision": 68
}
