{
    "classes": [
        {
            "className": "AuthManager",
            "lineNumber": 7,
            "methods": [
                {
                    "access": "public",
                    "arguments": [
                        {
                            "name": "login",
                            "type": "QString"
                        },
                        {
                            "name": "password",
                            "type": "QString"
                        },
                        {
                            "name": "confirmPassword",
                            "type": "QString"
                        }
                    ],
                    "index": 4,
                    "name": "registerUser",
                    "returnType": "bool"
                },
                {
                    "access": "public",
                    "arguments": [
                        {
                            "name": "login",
                            "type": "QString"
                        },
                        {
                            "name": "password",
                            "type": "QString"
                        },
                        {
                            "name": "isRememberMe",
                            "type": "bool"
                        }
                    ],
                    "index": 5,
                    "name": "loginUser",
                    "returnType": "bool"
                }
            ],
            "object": true,
            "qualifiedClassName": "AuthManager",
            "signals": [
                {
                    "access": "public",
                    "arguments": [
                        {
                            "name": "error",
                            "type": "QString"
                        }
                    ],
                    "index": 0,
                    "name": "loginErrorOccurred",
                    "returnType": "void"
                },
                {
                    "access": "public",
                    "arguments": [
                        {
                            "name": "error",
                            "type": "QString"
                        }
                    ],
                    "index": 1,
                    "name": "passwordErrorOccurred",
                    "returnType": "void"
                },
                {
                    "access": "public",
                    "arguments": [
                        {
                            "name": "error",
                            "type": "QString"
                        }
                    ],
                    "index": 2,
                    "name": "loginError",
                    "returnType": "void"
                }
            ],
            "slots": [
                {
                    "access": "public",
                    "index": 3,
                    "name": "userID",
                    "returnType": "int"
                }
            ],
            "superClasses": [
                {
                    "access": "public",
                    "name": "QObject"
                }
            ]
        }
    ],
    "inputFile": "authmanager.h",
    "outputRevision": 68
}
