{
    "classes": [
        {
            "className": "KeyboardHandler",
            "lineNumber": 12,
            "methods": [
                {
                    "access": "public",
                    "arguments": [
                        {
                            "name": "x",
                            "type": "int"
                        },
                        {
                            "name": "y",
                            "type": "int"
                        }
                    ],
                    "index": 23,
                    "name": "setPosition",
                    "returnType": "void"
                },
                {
                    "access": "public",
                    "arguments": [
                        {
                            "name": "size",
                            "type": "int"
                        }
                    ],
                    "index": 24,
                    "name": "setFontSize",
                    "returnType": "void"
                },
                {
                    "access": "public",
                    "arguments": [
                        {
                            "name": "family",
                            "type": "QString"
                        }
                    ],
                    "index": 25,
                    "name": "setFontFamily",
                    "returnType": "void"
                },
                {
                    "access": "public",
                    "arguments": [
                        {
                            "name": "letterSpacing",
                            "type": "int"
                        }
                    ],
                    "index": 26,
                    "name": "setFontLetterSpacing",
                    "returnType": "void"
                },
                {
                    "access": "public",
                    "index": 27,
                    "name": "self",
                    "returnType": "KeyboardHandler*"
                },
                {
                    "access": "public",
                    "arguments": [
                        {
                            "name": "isVertical",
                            "type": "bool"
                        }
                    ],
                    "index": 28,
                    "name": "setIsVertical",
                    "returnType": "void"
                }
            ],
            "object": true,
            "properties": [
                {
                    "constant": false,
                    "designable": true,
                    "final": false,
                    "index": 0,
                    "name": "isMethodLocked",
                    "notify": "isMethodLockedChanged",
                    "read": "isMethodLocked",
                    "required": false,
                    "scriptable": true,
                    "stored": true,
                    "type": "bool",
                    "user": false,
                    "write": "setIsMethodLocked"
                }
            ],
            "qualifiedClassName": "KeyboardHandler",
            "signals": [
                {
                    "access": "public",
                    "index": 0,
                    "name": "textChanged",
                    "returnType": "void"
                },
                {
                    "access": "public",
                    "index": 1,
                    "name": "isMethodLockedChanged",
                    "returnType": "void"
                },
                {
                    "access": "public",
                    "arguments": [
                        {
                            "name": "x",
                            "type": "int"
                        }
                    ],
                    "index": 2,
                    "name": "cursorChanged",
                    "returnType": "void"
                },
                {
                    "access": "public",
                    "index": 3,
                    "name": "scrollChanged",
                    "returnType": "void"
                },
                {
                    "access": "public",
                    "arguments": [
                        {
                            "name": "offset",
                            "type": "int"
                        }
                    ],
                    "index": 4,
                    "name": "scrollHorizontalRequested",
                    "returnType": "void"
                },
                {
                    "access": "public",
                    "index": 5,
                    "name": "enteredWordsChanged",
                    "returnType": "void"
                },
                {
                    "access": "public",
                    "index": 6,
                    "name": "textEntryCompleted",
                    "returnType": "void"
                }
            ],
            "slots": [
                {
                    "access": "public",
                    "arguments": [
                        {
                            "name": "enteredWords",
                            "type": "int"
                        }
                    ],
                    "index": 7,
                    "name": "setEnteredWords",
                    "returnType": "void"
                },
                {
                    "access": "public",
                    "arguments": [
                        {
                            "name": "newMethod",
                            "type": "bool"
                        }
                    ],
                    "index": 8,
                    "name": "setIsMethodLocked",
                    "returnType": "void"
                },
                {
                    "access": "public",
                    "arguments": [
                        {
                            "name": "width",
                            "type": "double"
                        }
                    ],
                    "index": 9,
                    "name": "setTextWidth",
                    "returnType": "void"
                },
                {
                    "access": "public",
                    "arguments": [
                        {
                            "name": "original",
                            "type": "QString"
                        }
                    ],
                    "index": 10,
                    "name": "setOriginalString",
                    "returnType": "void"
                },
                {
                    "access": "public",
                    "arguments": [
                        {
                            "name": "modified",
                            "type": "QString"
                        }
                    ],
                    "index": 11,
                    "name": "setModifiedString",
                    "returnType": "void"
                },
                {
                    "access": "public",
                    "index": 12,
                    "name": "startPositionLater",
                    "returnType": "void"
                },
                {
                    "access": "public",
                    "arguments": [
                        {
                            "name": "character",
                            "type": "QChar"
                        }
                    ],
                    "index": 13,
                    "name": "inputCharacter",
                    "returnType": "void"
                },
                {
                    "access": "public",
                    "index": 14,
                    "name": "getModifiedString",
                    "returnType": "QString"
                },
                {
                    "access": "public",
                    "index": 15,
                    "name": "getX",
                    "returnType": "int"
                },
                {
                    "access": "public",
                    "index": 16,
                    "name": "getY",
                    "returnType": "int"
                },
                {
                    "access": "public",
                    "index": 17,
                    "name": "getEnteredWords",
                    "returnType": "int"
                },
                {
                    "access": "public",
                    "index": 18,
                    "name": "getFontSize",
                    "returnType": "int"
                },
                {
                    "access": "public",
                    "index": 19,
                    "name": "getFontFamily",
                    "returnType": "QString"
                },
                {
                    "access": "public",
                    "index": 20,
                    "name": "getLineSpacingText",
                    "returnType": "int"
                },
                {
                    "access": "public",
                    "index": 21,
                    "name": "getCorrectKeyCount",
                    "returnType": "int"
                },
                {
                    "access": "public",
                    "index": 22,
                    "name": "getPressAccuracy",
                    "returnType": "double"
                }
            ],
            "superClasses": [
                {
                    "access": "public",
                    "name": "QObject"
                }
            ]
        }
    ],
    "inputFile": "keyboardhandler.h",
    "outputRevision": 68
}
