{
    "classes": [
        {
            "className": "LessonManager",
            "lineNumber": 8,
            "methods": [
                {
                    "access": "public",
                    "arguments": [
                        {
                            "name": "language",
                            "type": "QString"
                        }
                    ],
                    "index": 0,
                    "name": "getLessonsCount",
                    "returnType": "int"
                },
                {
                    "access": "public",
                    "arguments": [
                        {
                            "name": "userId",
                            "type": "int"
                        },
                        {
                            "name": "lessonId",
                            "type": "int"
                        },
                        {
                            "name": "language",
                            "type": "QString"
                        }
                    ],
                    "index": 1,
                    "name": "getUserLessonSpeed",
                    "returnType": "double"
                },
                {
                    "access": "public",
                    "arguments": [
                        {
                            "name": "userId",
                            "type": "int"
                        },
                        {
                            "name": "lessonId",
                            "type": "int"
                        },
                        {
                            "name": "language",
                            "type": "QString"
                        }
                    ],
                    "index": 2,
                    "name": "getUserLessonAccuracy",
                    "returnType": "double"
                },
                {
                    "access": "public",
                    "arguments": [
                        {
                            "name": "lessonId",
                            "type": "int"
                        },
                        {
                            "name": "language",
                            "type": "QString"
                        }
                    ],
                    "index": 3,
                    "name": "getLessonText",
                    "returnType": "QString"
                },
                {
                    "access": "public",
                    "arguments": [
                        {
                            "name": "language",
                            "type": "QString"
                        },
                        {
                            "name": "lessonId",
                            "type": "int"
                        }
                    ],
                    "index": 4,
                    "name": "getLessonType",
                    "returnType": "QString"
                }
            ],
            "object": true,
            "qualifiedClassName": "LessonManager",
            "superClasses": [
                {
                    "access": "public",
                    "name": "QObject"
                }
            ]
        }
    ],
    "inputFile": "lessonmanager.h",
    "outputRevision": 68
}
