{
    "classes": [
        {
            "className": "WindowManager",
            "lineNumber": 7,
            "methods": [
                {
                    "access": "public",
                    "index": 0,
                    "name": "toggleFullscreen",
                    "returnType": "void"
                },
                {
                    "access": "public",
                    "arguments": [
                        {
                            "name": "fullscreen",
                            "type": "bool"
                        }
                    ],
                    "index": 1,
                    "name": "setFullscreen",
                    "returnType": "void"
                },
                {
                    "access": "public",
                    "index": 2,
                    "name": "isFullscreen",
                    "returnType": "bool"
                }
            ],
            "object": true,
            "qualifiedClassName": "WindowManager",
            "superClasses": [
                {
                    "access": "public",
                    "name": "QObject"
                }
            ]
        }
    ],
    "inputFile": "windowmanager.h",
    "outputRevision": 68
}
