{
    "classes": [
        {
            "className": "UserStatsManager",
            "lineNumber": 12,
            "methods": [
                {
                    "access": "public",
                    "arguments": [
                        {
                            "name": "testType",
                            "type": "QString"
                        },
                        {
                            "name": "language",
                            "type": "QString"
                        },
                        {
                            "name": "testDetail",
                            "type": "QString"
                        },
                        {
                            "name": "speed",
                            "type": "double"
                        },
                        {
                            "name": "accuracy",
                            "type": "double"
                        },
                        {
                            "name": "consistency",
                            "type": "double"
                        }
                    ],
                    "index": 2,
                    "name": "saveTestResult",
                    "returnType": "void"
                },
                {
                    "access": "public",
                    "arguments": [
                        {
                            "name": "testType",
                            "type": "QString"
                        },
                        {
                            "name": "language",
                            "type": "QString"
                        },
                        {
                            "name": "testDetail",
                            "type": "int"
                        }
                    ],
                    "index": 3,
                    "name": "getAverageTestResult",
                    "returnType": "QVariantMap"
                },
                {
                    "access": "public",
                    "arguments": [
                        {
                            "name": "lessonId",
                            "type": "int"
                        },
                        {
                            "name": "language",
                            "type": "QString"
                        },
                        {
                            "name": "speed",
                            "type": "double"
                        },
                        {
                            "name": "accuracy",
                            "type": "double"
                        }
                    ],
                    "index": 4,
                    "name": "saveLessonResult",
                    "returnType": "void"
                },
                {
                    "access": "public",
                    "arguments": [
                        {
                            "name": "lessonId",
                            "type": "int"
                        },
                        {
                            "name": "language",
                            "type": "QString"
                        }
                    ],
                    "index": 5,
                    "name": "getLessonResult",
                    "returnType": "QVariantMap"
                },
                {
                    "access": "public",
                    "index": 6,
                    "name": "findUserIdBySessionId",
                    "returnType": "bool"
                },
                {
                    "access": "public",
                    "index": 7,
                    "name": "getUserId",
                    "returnType": "int"
                },
                {
                    "access": "public",
                    "index": 8,
                    "name": "getRegistrationDate",
                    "returnType": "QString"
                },
                {
                    "access": "public",
                    "arguments": [
                        {
                            "name": "userId",
                            "type": "int"
                        }
                    ],
                    "index": 9,
                    "name": "loadFromDatabase",
                    "returnType": "bool"
                },
                {
                    "access": "public",
                    "arguments": [
                        {
                            "name": "keyStrokes",
                            "type": "int"
                        },
                        {
                            "name": "time",
                            "type": "int"
                        }
                    ],
                    "index": 10,
                    "name": "update_time_and_presses",
                    "returnType": "void"
                },
                {
                    "access": "public",
                    "index": 11,
                    "name": "getBasicProfileStats",
                    "returnType": "QVariantMap"
                },
                {
                    "access": "public",
                    "arguments": [
                        {
                            "name": "language",
                            "type": "QString"
                        }
                    ],
                    "index": 12,
                    "name": "getLessonProgress",
                    "returnType": "QVariantMap"
                },
                {
                    "access": "public",
                    "arguments": [
                        {
                            "name": "lessonID",
                            "type": "int"
                        },
                        {
                            "name": "language",
                            "type": "QString"
                        }
                    ],
                    "index": 13,
                    "name": "updateLessonLockStatus",
                    "returnType": "void"
                },
                {
                    "access": "public",
                    "arguments": [
                        {
                            "name": "language",
                            "type": "QString"
                        }
                    ],
                    "index": 14,
                    "name": "getTypingSpeed",
                    "returnType": "double"
                },
                {
                    "access": "public",
                    "index": 15,
                    "name": "logout",
                    "returnType": "void"
                }
            ],
            "object": true,
            "properties": [
                {
                    "constant": false,
                    "designable": true,
                    "final": false,
                    "index": 0,
                    "name": "userId",
                    "notify": "userIdChanged",
                    "read": "userId",
                    "required": false,
                    "scriptable": true,
                    "stored": true,
                    "type": "int",
                    "user": false
                },
                {
                    "constant": false,
                    "designable": true,
                    "final": false,
                    "index": 1,
                    "name": "login",
                    "notify": "loginChanged",
                    "read": "login",
                    "required": false,
                    "scriptable": true,
                    "stored": true,
                    "type": "QString",
                    "user": false
                }
            ],
            "qualifiedClassName": "UserStatsManager",
            "signals": [
                {
                    "access": "public",
                    "index": 0,
                    "name": "userIdChanged",
                    "returnType": "void"
                },
                {
                    "access": "public",
                    "index": 1,
                    "name": "loginChanged",
                    "returnType": "void"
                }
            ],
            "superClasses": [
                {
                    "access": "public",
                    "name": "QObject"
                }
            ]
        }
    ],
    "inputFile": "userstatsmanager.h",
    "outputRevision": 68
}
