{
    "classes": [
        {
            "className": "TimeTracker",
            "lineNumber": 8,
            "methods": [
                {
                    "access": "public",
                    "arguments": [
                        {
                            "name": "endTime",
                            "type": "int"
                        }
                    ],
                    "index": 6,
                    "name": "start",
                    "returnType": "void"
                },
                {
                    "access": "public",
                    "index": 7,
                    "isCloned": true,
                    "name": "start",
                    "returnType": "void"
                },
                {
                    "access": "public",
                    "index": 8,
                    "name": "stop",
                    "returnType": "void"
                },
                {
                    "access": "public",
                    "index": 9,
                    "name": "reset",
                    "returnType": "void"
                },
                {
                    "access": "public",
                    "arguments": [
                        {
                            "name": "isTimer",
                            "type": "bool"
                        }
                    ],
                    "index": 10,
                    "name": "setIsTimer",
                    "returnType": "void"
                }
            ],
            "object": true,
            "qualifiedClassName": "TimeTracker",
            "signals": [
                {
                    "access": "public",
                    "arguments": [
                        {
                            "name": "newTime",
                            "type": "int"
                        }
                    ],
                    "index": 0,
                    "name": "timeChanged",
                    "returnType": "void"
                },
                {
                    "access": "public",
                    "index": 1,
                    "name": "timerFinished",
                    "returnType": "void"
                }
            ],
            "slots": [
                {
                    "access": "public",
                    "arguments": [
                        {
                            "name": "keyboardHandler",
                            "type": "KeyboardHandler*"
                        }
                    ],
                    "index": 2,
                    "name": "setKeyboardHandler",
                    "returnType": "void"
                },
                {
                    "access": "public",
                    "index": 3,
                    "name": "getListSpeed",
                    "returnType": "QList<double>"
                },
                {
                    "access": "public",
                    "index": 4,
                    "name": "getTime",
                    "returnType": "int"
                },
                {
                    "access": "private",
                    "index": 5,
                    "name": "onTimeout",
                    "returnType": "void"
                }
            ],
            "superClasses": [
                {
                    "access": "public",
                    "name": "QObject"
                }
            ]
        }
    ],
    "inputFile": "timetracker.h",
    "outputRevision": 68
}
